{
  "idx_lnd": 1e-15,
  "kbdim": 1e-15,
  "kproma": 1e-15,
  "ksfc_type": 1e-15,
  "mo_echam_convect_tables__tlucu": 1e-15,
  "mo_echam_phy_memory__cdimissval": 1e-15,
  "paphm1": 1e-15,
  "papm1": 1e-15,
  "pbh_tile": 1e-15,
  "pbhn_tile": 1e-15,
  "pbm_tile": 1e-15,
  "pbn_tile": 1e-15,
  "pcpt_tile": 1e-15,
  "pcptgz": 1e-15,
  "pdew2_gbm": 2.9124e-14,
  "pdew2_tile": 1.91885e-14,
  "pfrc": 1e-15,
  "pocu": 1e-15,
  "pocv": 1e-15,
  "pqm1": 1e-15,
  "pri_tile": 1e-15,
  "psfcWind_gbm": 6.2596e-14,
  "psfcWind_tile": 5.26668e-14,
  "ptas_gbm": 2.00631e-14,
  "ptas_tile": 1.06676e-14,
  "ptasmax": 2.00631e-14,
  "ptasmin": 2.00631e-14,
  "ptm1": 1e-15,
  "puas_gbm": 6.24786e-14,
  "puas_tile": 5.25344e-14,
  "pum1": 1e-15,
  "pvas_gbm": 5.29927e-14,
  "pvas_tile": 4.96708e-14,
  "pvm1": 1e-15,
  "pxm1": 1e-15,
  "pzf": 1e-15,
  "pzs": 1e-15
}
