{
  "idx_lnd": 1e-15,
  "kbdim": 1e-15,
  "kproma": 1e-15,
  "ksfc_type": 1e-15,
  "mo_echam_convect_tables__tlucu": 1e-15,
  "mo_echam_phy_memory__cdimissval": 1e-15,
  "paphm1": 1e-15,
  "papm1": 1e-15,
  "pbh_tile": 1e-15,
  "pbhn_tile": 1e-15,
  "pbm_tile": 1e-15,
  "pbn_tile": 1e-15,
  "pcpt_tile": 1e-15,
  "pcptgz": 1e-15,
  "pdew2_gbm": 1.23622e-13,
  "pdew2_tile": 1.17076e-13,
  "pfrc": 1e-15,
  "pocu": 1e-15,
  "pocv": 1e-15,
  "pqm1": 1e-15,
  "pri_tile": 1e-15,
  "psfcWind_gbm": 3.70084e-12,
  "psfcWind_tile": 3.70167e-12,
  "ptas_gbm": 1.23398e-13,
  "ptas_tile": 1.16963e-13,
  "ptasmax": 1.23398e-13,
  "ptasmin": 1.23398e-13,
  "ptm1": 1e-15,
  "puas_gbm": 3.33342e-12,
  "puas_tile": 3.45397e-12,
  "pum1": 1e-15,
  "pvas_gbm": 3.70003e-12,
  "pvas_tile": 3.70111e-12,
  "pvm1": 1e-15,
  "pxm1": 1e-15,
  "pzf": 1e-15,
  "pzs": 1e-15
}
